[{"categoryID":1,"categoryName":"Best Deals","imageUrl":"fas fa-notes-medical"},

{"categoryID":2,"categoryName":"Germs Pads","imageUrl":"fas fa-box-tissue"},

{"categoryID":3,"categoryName":"Accessories","imageUrl":"fas fa-pump-medical"},

{"categoryID":4,"categoryName":"Medicine Cap","imageUrl":"fas fa-bong"},

{"categoryID":5,"categoryName":"Dental Item","imageUrl":"fas fa-tooth"},

{"categoryID":6,"categoryName":"All Products", "imageUrl":"fas fa-microscope"},

{"categoryID":7,"categoryName":"Germs Pads", "imageUrl":"fas fa-syringe"},

{"categoryID":8,"categoryName":"Accessories", "imageUrl":"fas fa-hand-holding-medical"},

{"categoryID":9,"categoryName":"Medicine Cap", "imageUrl":"fas fa-procedures"}

]