[{"productID":1,"productName":"Antiseptic Spray","productPrice":32.00,"productPreviousPrice":46.00,"imageUrl":"https://tunatheme.com/tf/html/vicodin-preview/vicodin/img/product/1.png"},

{"productID":2,"productName":"Digital Stethoscope","productPrice":25.00,"productPreviousPrice":35.00,"imageUrl":"https://tunatheme.com/tf/html/vicodin-preview/vicodin/img/product/2.png"},

{"productID":3,"productName":"Cosmetic Containers","productPrice":75.00,"productPreviousPrice":92.00,"imageUrl":"https://tunatheme.com/tf/html/vicodin-preview/vicodin/img/product/3.png"},

{"productID":4,"productName":"Cosmetic Containers","productPrice":78.00,"productPreviousPrice":85.00,"imageUrl":"https://tunatheme.com/tf/html/vicodin-preview/vicodin/img/product/4.png"},

{"productID":5,"productName":"Blue Hand Gloves","productPrice":150.00,"productPreviousPrice":180.00,"imageUrl":"https://tunatheme.com/tf/html/vicodin-preview/vicodin/img/product/5.png"},

{"productID":6,"productName":"Thermometer Gun","productPrice":150.00,"productPreviousPrice":180.00,"imageUrl":"https://tunatheme.com/tf/html/vicodin-preview/vicodin/img/product/6.png"}]
